<?xml version="1.0" encoding="UTF-8"?>
<beans xmlns="http://www.springframework.org/schema/beans"
       xmlns:xsi="http://www.w3.org/2001/XMLSchema-instance"
       xmlns:context="http://www.springframework.org/schema/context"
       xsi:schemaLocation="http://www.springframework.org/schema/beans
        http://www.springframework.org/schema/beans/spring-beans-4.2.xsd
        http://www.springframework.org/schema/context
        http://www.springframework.org/schema/context/spring-context-4.2.xsd">
        

  <bean id="personCompanyBase"
      class="ex01_bean.ex11_merge.Person"
      abstract="true">
    <property name="address">
        <list>
            <bean class="ex01_bean.ex11_merge.Address">
                <property name="city" value="Bangalore" />
            </bean>
        </list>
    </property>
</bean>

<bean id="person01"
      parent="personCompanyBase">
    <property name="first" value="Joe" />
    <property name="last" value="Smith" />
    <property name="address">
        <list merge="true">
            <bean class="ex01_bean.ex11_merge.Address">
                <property name="city" value="Hyderabad" />
            </bean>
        </list>
    </property>
</bean>
        

   
</beans>
