<?xml version="1.0" encoding="UTF-8"?>
<beans xmlns="http://www.springframework.org/schema/beans"
       xmlns:xsi="http://www.w3.org/2001/XMLSchema-instance"
       xmlns:context="http://www.springframework.org/schema/context"
       xsi:schemaLocation="http://www.springframework.org/schema/beans
        http://www.springframework.org/schema/beans/spring-beans-4.2.xsd
        http://www.springframework.org/schema/context
        http://www.springframework.org/schema/context/spring-context-4.2.xsd">
        

   <!--
      Definition of Bean whose callback methods are identified in this
      configuration (init-method and destroy-method attributes)
  
<bean class="org.springframework.context.annotation.CommonAnnotationBeanPostProcessor"/> -->

	<!--
		Activates various annotations to be detected in bean classes: Spring's
		@Required and @Autowired, as well as JSR 250's @PostConstruct,
		@PreDestroy and @Resource (if available) and JPA's @PersistenceContext
		and @PersistenceUnit (if available).
	-->
	
<context:annotation-config/>

	
<bean id="bean1" class="ex01_bean.ex04_lifecycle.Bean1" scope="singleton" >
	   <constructor-arg index="0">
	      <value>JSR 250 callbacks</value>
      </constructor-arg>
      <property name="int">
         <value>125</value>
      </property>
	</bean>

<bean id="account" class="ex01_bean.ex04_lifecycle.Account" scope="singleton"/>

   <!--
      Definition of Bean whose callback methods are implied by the implementation
      of InitializingBean and DisposableBean interfaces.
   -->
	<bean id="bean2" class="ex01_bean.ex04_lifecycle.Bean2" scope="prototype" >
	   <constructor-arg index="0">
	      <value>interface callbacks</value>
      </constructor-arg>
      <property name="int">
         <value>125</value>
      </property>
	</bean>
	
	
		<bean id="bean3" class="ex01_bean.ex04_lifecycle.Bean3" init-method="start" destroy-method="end" scope="prototype" >
	   <constructor-arg index="0">
	      <value>custom callbacks</value>
      </constructor-arg>
      <property name="int">
         <value>125</value>
      </property>
	</bean>
	
	<bean id="custompp" class="ex01_bean.ex04_lifecycle.CustomPostProcessor"/>


   
</beans>
