<beans xmlns="http://www.springframework.org/schema/beans"
       xmlns:xsi="http://www.w3.org/2001/XMLSchema-instance"
       xmlns:context="http://www.springframework.org/schema/context"
       xsi:schemaLocation="http://www.springframework.org/schema/beans
        http://www.springframework.org/schema/beans/spring-beans-4.2.xsd
        http://www.springframework.org/schema/context
        http://www.springframework.org/schema/context/spring-context-4.2.xsd">
   
<context:annotation-config/>

<bean id="account" class="ex01_bean.ex02_setter.Account" init-method="start" lazy-init="true">
<property name="amt">
<value>
1000
</value>
</property>
</bean>
        
<bean id="sample" class="ex01_bean.ex02_setter.Sample" lazy-init="true"/>

<bean class="ex01_bean.ex02_setter.CustomPostProcessor"/>

</beans>
