<?xml version="1.0"?>
<!DOCTYPE hibernate-mapping PUBLIC
    "-//Hibernate/Hibernate Mapping DTD 3.0//EN"
    "http://hibernate.sourceforge.net/hibernate-mapping-3.0.dtd">

<hibernate-mapping>
    <class name="demo.Event" table="events" >

        <id name="id" column="uid" type="long"  unsaved-value="null" >
            <generator class="native"/>
        </id>
        <property name="name" type="string" lazy="false" length="100" />
        <property name="startDate" column="start_date"
                  type="date" />
        <property name="duration" type="integer"  />
        
        
       
        
        <set name="speakers" fetch="select"  inverse="true" lazy="true"   cascade="all"  >
     
            <key column="event_id" />
            <one-to-many class="demo.Speaker"/>
        </set>
      
    </class>
</hibernate-mapping>
