<?xml version="1.0"?>
<!DOCTYPE hibernate-mapping PUBLIC
    "-//Hibernate/Hibernate Mapping DTD 3.0//EN"
    "http://hibernate.sourceforge.net/hibernate-mapping-3.0.dtd">

<hibernate-mapping>
    <class name="demo.Speaker" table="speaker">
        <id name="id" column="uid" type="long">
            <generator class="native"/>
        </id>
        <property name="firstName" type="string" length="20"/>
        <property name="lastName" type="string" length="20"/>
        
        <many-to-one name="event" column="event_id"  class="demo.Event"/>
              
    </class>
</hibernate-mapping>

